NEVO-code,vegan,vegetarian,meat_or_fish,legume
1,yes,yes,no,no
2,yes,yes,no,no
3,yes,yes,no,no
4,no,yes,no,no
5,no,yes,no,no
7,yes,yes,no,no
8,yes,yes,no,no
9,yes,yes,no,no
10,no,yes,no,no
11,no,yes,no,no
12,yes,yes,no,no
13,yes,yes,no,no
14,yes,yes,no,no
15,yes,yes,no,no
16,yes,yes,no,no
17,no,yes,no,no
18,no,yes,no,no
19,no,no,yes,no
20,no,no,yes,no
21,yes,yes,no,no
22,yes,yes,no,no
23,yes,yes,no,yes
24,yes,yes,no,no
25,yes,yes,no,no
26,yes,yes,no,no
27,yes,yes,no,no
28,yes,yes,no,no
29,yes,yes,no,no
30,yes,yes,no,no
31,yes,yes,no,no
32,yes,yes,no,no
33,yes,yes,no,no
35,yes,yes,no,no
36,no,yes,no,no
37,no,yes,no,no
38,yes,yes,no,no
39,yes,yes,no,no
40,yes,yes,no,no
41,yes,yes,no,no
42,yes,yes,no,no
45,yes,yes,no,no
46,no,yes,no,no
47,no,yes,no,no
48,yes,yes,no,no
49,yes,yes,no,yes
50,yes,yes,no,yes
51,yes,yes,no,no
52,yes,yes,no,no
53,yes,yes,no,no
54,yes,yes,no,no
55,yes,yes,no,no
57,yes,yes,no,no
58,yes,yes,no,yes
59,yes,yes,no,yes
60,yes,yes,no,no
61,yes,yes,no,no
62,yes,yes,no,yes
63,yes,yes,no,no
64,yes,yes,no,no
65,no,no,yes,no
67,yes,yes,no,no
68,yes,yes,no,no
69,yes,yes,no,no
70,yes,yes,no,no
71,yes,yes,no,no
72,yes,yes,no,no
73,yes,yes,no,no
74,yes,yes,no,no
75,yes,yes,no,no
80,no,yes,no,no
83,no,no,yes,no
84,no,no,yes,no
85,no,no,yes,no
86,no,no,yes,no
87,no,no,yes,no
95,no,no,yes,no
99,no,no,yes,no
105,no,no,yes,no
106,no,no,yes,no
107,no,no,yes,no
108,no,no,yes,no
109,no,no,yes,no
110,no,no,yes,no
111,no,no,yes,no
112,no,no,yes,no
113,no,no,yes,no
114,no,no,yes,no
116,no,no,yes,no
117,yes,yes,no,yes
118,yes,yes,no,yes
119,yes,yes,no,yes
120,yes,yes,no,yes
121,no,yes,no,no
122,no,yes,no,no
124,yes,yes,no,no
125,yes,yes,no,no
126,yes,yes,no,no
127,yes,yes,no,no
128,yes,yes,no,no
130,yes,yes,no,no
131,yes,yes,no,no
132,yes,yes,no,no
133,no,no,yes,no
134,yes,yes,no,yes
135,yes,yes,no,yes
136,yes,yes,no,yes
137,yes,yes,no,no
138,yes,yes,no,yes
139,yes,yes,no,yes
140,yes,yes,no,no
141,yes,yes,no,no
142,yes,yes,no,yes
143,yes,yes,no,no
144,yes,yes,no,no
145,yes,yes,no,no
146,yes,yes,no,no
147,yes,yes,no,no
148,no,yes,no,no
149,yes,yes,no,no
150,yes,yes,no,no
151,yes,yes,no,no
152,yes,yes,no,no
153,yes,yes,no,no
154,yes,yes,no,no
155,yes,yes,no,no
156,yes,yes,no,no
157,yes,yes,no,no
158,yes,yes,no,no
159,yes,yes,no,no
160,yes,yes,no,no
161,yes,yes,no,no
162,yes,yes,no,no
163,yes,yes,no,no
164,no,no,yes,no
165,yes,yes,no,no
166,yes,yes,no,no
167,yes,yes,no,no
168,yes,yes,no,yes
169,yes,yes,no,yes
170,yes,yes,no,no
171,yes,yes,no,no
172,yes,yes,no,no
173,yes,yes,no,no
174,no,yes,no,no
175,yes,yes,no,no
176,yes,yes,no,no
177,yes,yes,no,no
178,yes,yes,no,no
179,yes,yes,no,no
180,yes,yes,no,no
181,yes,yes,no,no
182,yes,yes,no,no
183,yes,yes,no,no
184,yes,yes,no,no
185,yes,yes,no,no
186,yes,yes,no,no
187,yes,yes,no,yes
188,yes,yes,no,yes
189,yes,yes,no,yes
190,yes,yes,no,no
191,yes,yes,no,no
192,yes,yes,no,no
193,yes,yes,no,no
194,yes,yes,no,no
195,yes,yes,no,no
196,yes,yes,no,yes
197,yes,yes,no,yes
198,yes,yes,no,no
199,yes,yes,no,no
200,yes,yes,no,no
201,yes,yes,no,no
202,no,no,yes,no
203,yes,yes,no,no
204,yes,yes,no,yes
205,yes,yes,no,no
206,yes,yes,no,no
207,yes,yes,no,no
208,no,yes,no,no
209,no,yes,no,no
210,no,yes,no,no
212,no,yes,no,yes
213,no,yes,no,no
215,no,yes,no,no
216,no,yes,no,no
217,no,yes,no,no
218,no,yes,no,no
219,yes,yes,no,yes
220,no,yes,no,no
222,no,yes,no,no
223,no,yes,no,no
224,no,yes,no,no
225,no,yes,no,no
226,no,yes,no,no
227,no,yes,no,no
228,no,yes,no,no
229,no,yes,no,no
230,no,yes,no,no
231,no,yes,no,no
232,no,yes,no,no
233,no,yes,no,no
234,no,yes,no,no
235,no,yes,no,no
236,no,yes,no,no
238,no,yes,no,no
240,no,yes,no,no
241,no,yes,no,no
242,no,yes,no,no
243,no,yes,no,no
244,no,yes,no,no
246,no,yes,no,no
248,no,yes,no,no
249,no,yes,no,no
250,no,yes,no,no
251,no,yes,no,no
252,no,yes,no,no
253,no,yes,no,no
254,no,yes,no,no
255,no,yes,no,no
256,no,yes,no,no
257,no,yes,no,no
258,no,yes,no,no
259,no,yes,no,no
260,no,yes,no,no
261,no,yes,no,no
262,no,yes,no,no
263,no,yes,no,no
264,no,yes,no,no
265,no,yes,no,no
266,no,no,yes,no
267,no,yes,no,no
269,no,no,yes,no
270,no,yes,no,no
271,no,yes,no,no
272,no,yes,no,no
273,no,yes,no,no
274,no,yes,no,no
276,no,yes,no,no
278,no,yes,no,no
279,no,yes,no,no
280,no,yes,no,no
281,no,yes,no,no
282,no,yes,no,no
284,no,yes,no,no
285,no,yes,no,no
286,no,yes,no,no
288,no,yes,no,no
289,no,yes,no,no
290,no,yes,no,no
291,no,yes,no,no
292,no,yes,no,no
293,no,yes,no,no
294,no,yes,no,no
295,no,yes,no,no
296,no,yes,no,no
297,no,yes,no,no
298,no,yes,no,no
299,no,yes,no,no
300,no,yes,no,no
301,no,yes,no,no
303,no,yes,no,no
304,no,yes,no,no
305,no,yes,no,no
306,no,yes,no,no
307,no,yes,no,no
308,yes,yes,no,yes
310,no,yes,no,no
313,yes,yes,no,yes
314,no,no,yes,no
315,no,no,yes,no
317,no,yes,no,no
319,no,no,yes,no
320,no,no,yes,no
322,no,no,yes,no
324,no,no,yes,no
326,no,no,yes,no
328,no,no,yes,no
330,no,no,yes,no
333,no,no,yes,no
334,no,no,yes,no
335,no,no,yes,no
336,no,no,yes,no
337,no,no,yes,no
338,no,no,yes,no
339,no,no,yes,no
340,no,no,yes,no
343,no,no,yes,no
344,no,no,yes,no
347,no,no,yes,no
348,no,no,yes,no
349,no,no,yes,no
350,no,no,yes,no
351,no,no,yes,no
352,no,no,yes,no
353,no,no,yes,no
354,no,no,yes,no
355,no,no,yes,no
356,no,no,yes,no
357,no,no,yes,no
358,no,no,yes,no
369,no,yes,no,no
372,no,yes,no,no
374,no,yes,no,no
375,no,yes,no,no
377,no,yes,no,no
378,no,yes,no,no
381,no,yes,no,no
382,no,yes,no,no
383,no,yes,no,no
385,no,yes,no,no
386,no,yes,no,no
387,no,yes,no,no
388,no,yes,no,no
389,no,yes,no,no
390,no,yes,no,no
391,no,yes,no,no
392,no,yes,no,no
393,no,yes,no,no
394,no,yes,no,no
395,no,yes,no,no
396,no,yes,no,no
399,no,yes,no,no
400,no,yes,no,no
401,no,yes,no,no
402,no,yes,no,no
403,no,yes,no,no
405,no,yes,no,no
407,no,yes,no,no
408,no,yes,no,no
409,no,yes,no,no
410,no,yes,no,no
413,no,yes,no,no
415,no,yes,no,no
416,no,yes,no,no
417,no,yes,no,no
421,no,yes,no,no
422,no,yes,no,no
423,no,yes,no,no
425,no,yes,no,no
427,no,yes,no,no
428,no,yes,no,no
429,yes,yes,no,no
430,no,yes,no,no
431,no,yes,no,no
432,no,yes,no,no
433,no,yes,no,no
434,no,yes,no,no
435,no,yes,no,no
436,no,yes,no,no
437,no,yes,no,no
439,no,yes,no,no
440,no,yes,no,no
441,no,yes,no,no
442,no,yes,no,no
443,no,yes,no,no
444,no,yes,no,no
445,no,yes,no,no
446,no,yes,no,no
447,no,yes,no,no
449,no,yes,no,no
450,no,yes,no,no
451,no,yes,no,no
453,no,yes,no,no
454,no,yes,no,no
455,no,yes,no,yes
457,no,yes,no,no
458,no,yes,no,no
461,no,yes,no,no
462,no,yes,no,no
463,no,yes,no,no
464,no,yes,no,no
465,no,yes,no,no
466,no,yes,no,no
467,no,yes,no,no
468,no,yes,no,no
469,no,no,yes,no
470,no,yes,no,no
471,no,yes,no,no
472,no,yes,no,no
473,no,yes,no,no
474,no,yes,no,no
475,no,no,yes,no
479,no,yes,no,no
480,no,yes,no,no
481,no,yes,no,no
482,no,no,yes,no
484,no,yes,no,no
485,no,yes,no,no
486,no,yes,no,no
487,no,yes,no,no
488,no,yes,no,no
489,no,yes,no,no
497,no,yes,no,no
498,no,yes,no,no
500,no,yes,no,no
511,no,yes,no,no
513,no,yes,no,no
514,no,yes,no,no
515,no,yes,no,no
516,no,yes,no,no
517,no,yes,no,no
520,no,yes,no,no
521,no,yes,no,no
522,no,yes,no,no
523,no,yes,no,no
524,no,yes,no,no
525,no,yes,no,no
526,no,yes,no,no
528,no,yes,no,no
530,no,yes,no,no
531,no,yes,no,no
532,no,yes,no,no
535,no,yes,no,no
538,yes,yes,no,no
539,no,yes,no,no
540,no,yes,no,no
541,no,yes,no,yes
546,yes,yes,no,yes
548,no,yes,no,no
555,no,yes,no,no
556,no,yes,no,no
557,yes,yes,no,no
558,yes,yes,no,no
559,yes,yes,no,no
560,yes,yes,no,no
561,no,yes,no,no
562,no,yes,no,no
563,yes,yes,no,no
564,yes,yes,no,no
566,no,no,yes,no
567,no,no,yes,no
568,no,no,yes,no
570,no,yes,no,no
575,no,yes,no,no
577,no,yes,no,no
583,no,yes,no,no
584,no,yes,no,no
590,no,yes,no,no
591,no,yes,no,no
593,no,yes,no,no
595,no,yes,no,no
596,no,yes,no,no
598,no,yes,no,no
599,no,yes,no,no
600,no,yes,no,no
601,no,yes,no,no
602,no,no,yes,no
603,no,no,yes,no
604,no,no,yes,no
605,no,yes,no,no
606,no,yes,no,no
607,no,yes,no,no
608,no,yes,no,no
609,no,yes,no,no
610,no,yes,no,no
616,no,yes,no,yes
618,no,yes,no,no
619,no,yes,no,no
620,no,yes,no,no
621,yes,yes,no,yes
622,no,yes,no,no
630,no,yes,no,no
633,no,yes,no,no
634,no,yes,no,no
635,no,yes,no,no
636,no,yes,no,no
638,no,no,yes,no
639,no,no,yes,no
640,no,no,yes,no
641,no,no,yes,no
642,no,no,yes,no
643,no,no,yes,no
644,no,yes,no,no
645,no,yes,no,no
650,yes,yes,no,no
651,no,yes,no,no
653,no,yes,no,no
654,no,yes,no,no
655,no,yes,no,no
657,no,yes,no,no
658,no,yes,no,no
659,no,yes,no,no
660,yes,yes,no,yes
664,no,yes,no,no
665,yes,yes,no,no
667,yes,yes,no,no
668,yes,yes,no,no
669,yes,yes,no,no
670,yes,yes,no,no
671,yes,yes,no,no
672,yes,yes,no,no
673,yes,yes,no,no
674,yes,yes,no,no
675,yes,yes,no,no
676,yes,yes,no,no
677,yes,yes,no,no
679,yes,yes,no,yes
680,yes,yes,no,no
681,yes,yes,no,no
682,yes,yes,no,no
683,yes,yes,no,no
684,no,yes,no,no
685,yes,yes,no,yes
686,yes,yes,no,yes
689,yes,yes,no,no
690,no,no,yes,no
691,yes,yes,no,no
692,yes,yes,no,no
693,yes,yes,no,no
694,yes,yes,no,no
695,no,yes,no,no
696,no,yes,no,no
697,no,yes,no,no
698,no,no,yes,no
699,no,no,yes,no
702,no,no,yes,no
703,no,no,yes,no
704,no,no,yes,no
712,no,yes,no,no
713,no,yes,no,no
714,no,yes,no,no
716,no,yes,no,no
717,no,yes,no,no
718,no,yes,no,no
719,no,yes,no,no
721,no,yes,no,no
722,no,yes,no,no
724,no,yes,no,no
725,no,yes,no,no
726,no,yes,no,no
727,no,yes,no,no
728,no,yes,no,no
729,no,yes,no,no
736,no,yes,no,no
737,no,yes,no,no
747,no,yes,no,no
749,yes,yes,no,no
750,no,yes,no,no
751,no,yes,no,no
752,no,yes,no,no
757,no,yes,no,no
758,no,no,yes,no
759,no,yes,no,no
760,no,no,yes,no
761,no,no,yes,no
762,no,no,yes,no
763,no,yes,no,no
764,no,no,yes,no
765,no,no,yes,yes
766,no,no,yes,yes
767,no,yes,no,no
782,no,no,yes,no
783,no,no,yes,no
784,no,no,yes,no
785,no,no,yes,no
787,no,no,yes,no
788,no,yes,no,no
789,no,yes,no,no
790,no,yes,no,no
791,no,yes,no,no
792,no,no,yes,no
796,no,no,yes,no
797,no,yes,no,no
798,no,no,yes,no
799,no,yes,no,yes
800,no,yes,no,no
801,no,no,yes,no
802,yes,yes,no,yes
804,no,yes,no,no
805,no,yes,no,no
807,no,yes,no,no
809,no,yes,no,no
810,no,no,yes,no
811,no,yes,no,no
812,no,yes,no,no
813,no,no,yes,no
814,no,no,yes,no
815,no,no,yes,no
817,no,no,yes,no
818,no,no,yes,no
819,no,no,yes,no
820,no,no,yes,no
822,no,no,yes,no
823,yes,yes,no,no
824,yes,yes,no,no
825,yes,yes,no,no
826,yes,yes,no,no
827,yes,yes,no,no
828,yes,yes,no,no
829,yes,yes,no,no
830,yes,yes,no,no
831,yes,yes,no,no
832,yes,yes,no,no
833,no,yes,no,no
835,no,yes,no,no
836,no,yes,no,no
838,yes,yes,no,no
839,yes,yes,no,yes
841,no,yes,no,no
842,yes,yes,no,no
843,no,no,yes,no
844,no,yes,no,no
845,no,yes,no,no
847,no,yes,no,no
848,yes,yes,no,no
849,yes,yes,no,no
850,yes,yes,no,no
851,yes,yes,no,no
852,no,yes,no,no
853,no,yes,no,no
854,no,yes,no,no
855,no,yes,no,no
856,no,yes,no,no
857,no,yes,no,no
858,yes,yes,no,no
859,no,yes,no,no
860,yes,yes,no,no
861,no,yes,no,no
862,no,yes,no,no
863,no,yes,no,no
865,no,no,yes,yes
866,no,yes,no,no
867,yes,yes,no,no
869,yes,yes,no,yes
870,yes,yes,no,yes
871,yes,yes,no,yes
872,yes,yes,no,no
873,no,yes,no,no
875,yes,yes,no,no
876,yes,yes,no,yes
878,no,yes,no,no
879,no,yes,no,no
880,no,yes,no,no
882,no,yes,no,no
883,no,yes,no,no
884,yes,yes,no,no
885,yes,yes,no,no
893,no,no,yes,yes
898,no,yes,no,no
899,no,yes,no,no
901,no,no,yes,no
908,no,no,yes,no
912,no,yes,no,no
917,no,yes,no,no
918,no,no,yes,no
919,no,no,yes,no
920,yes,yes,no,no
921,yes,yes,no,no
922,yes,yes,no,no
923,yes,yes,no,yes
925,no,yes,no,no
927,no,yes,no,no
928,no,yes,no,no
929,no,yes,no,no
930,no,yes,no,no
931,no,yes,no,no
938,no,yes,no,no
940,no,yes,no,no
943,no,yes,no,no
944,no,no,yes,no
948,no,yes,no,no
950,no,yes,no,no
951,yes,yes,no,yes
952,yes,yes,no,no
953,yes,yes,no,yes
954,yes,yes,no,yes
957,yes,yes,no,no
958,yes,yes,no,no
959,yes,yes,no,no
960,yes,yes,no,no
961,yes,yes,no,yes
962,yes,yes,no,yes
963,yes,yes,no,yes
964,yes,yes,no,no
966,yes,yes,no,no
967,yes,yes,no,no
969,yes,yes,no,yes
970,yes,yes,no,yes
971,yes,yes,no,yes
972,yes,yes,no,yes
975,no,yes,no,no
976,no,yes,no,no
980,no,yes,no,no
982,yes,yes,no,no
995,no,yes,no,no
1007,yes,yes,no,no
1008,no,yes,no,no
1010,yes,yes,no,no
1011,no,yes,no,no
1013,no,yes,no,no
1014,no,yes,no,no
1015,no,yes,no,no
1017,no,yes,no,no
1018,no,yes,no,no
1019,no,yes,no,no
1020,no,yes,no,no
1021,yes,yes,no,no
1022,no,yes,no,no
1023,no,yes,no,no
1025,no,yes,no,no
1056,yes,yes,no,no
1057,yes,yes,no,no
1065,no,yes,no,no
1067,no,yes,no,no
1068,no,yes,no,no
1074,yes,yes,no,no
1076,no,yes,no,no
1087,yes,yes,no,no
1090,yes,yes,no,no
1094,no,no,yes,no
1095,yes,yes,no,yes
1096,no,no,yes,no
1097,no,no,yes,no
1098,no,no,yes,no
1099,yes,yes,no,no
1100,no,no,yes,no
1101,no,no,yes,no
1104,no,yes,no,no
1105,yes,yes,no,no
1106,no,yes,no,no
1108,no,yes,no,no
1109,no,yes,no,no
1110,no,yes,no,no
1111,no,yes,no,no
1112,no,yes,no,no
1113,no,yes,no,no
1116,yes,yes,no,no
1119,yes,yes,no,yes
1127,no,yes,no,no
1132,no,yes,no,no
1133,no,no,yes,no
1134,no,yes,no,no
1136,no,yes,no,no
1139,no,yes,no,yes
1141,no,yes,no,no
1143,no,yes,no,yes
1144,no,yes,no,no
1146,no,yes,no,no
1147,yes,yes,no,no
1148,no,yes,no,yes
1150,no,yes,no,no
1151,no,no,yes,no
1152,no,no,yes,no
1155,no,no,yes,no
1156,no,yes,no,no
1157,yes,yes,no,no
1158,yes,yes,no,no
1159,yes,yes,no,no
1160,yes,yes,no,no
1161,yes,yes,no,no
1162,no,no,yes,no
1171,no,no,yes,no
1172,no,no,yes,no
1182,yes,yes,no,no
1187,yes,yes,no,no
1211,no,no,yes,no
1212,no,yes,no,no
1213,yes,yes,no,yes
1214,yes,yes,no,yes
1215,yes,yes,no,yes
1216,yes,yes,no,no
1220,yes,yes,no,no
1221,yes,yes,no,no
1223,yes,yes,no,no
1224,yes,yes,no,no
1225,yes,yes,no,no
1226,no,yes,no,no
1227,yes,yes,no,no
1228,yes,yes,no,no
1229,yes,yes,no,no
1230,yes,yes,no,no
1231,yes,yes,no,no
1232,yes,yes,no,no
1233,yes,yes,no,no
1234,yes,yes,no,no
1235,yes,yes,no,no
1236,yes,yes,no,no
1238,no,no,yes,no
1239,no,no,yes,no
1242,no,yes,no,no
1253,no,yes,no,no
1255,no,no,yes,no
1256,no,yes,no,no
1260,no,yes,no,no
1261,no,yes,no,no
1278,no,yes,no,no
1279,no,yes,no,no
1280,yes,yes,no,no
1281,yes,yes,no,no
1294,no,yes,no,no
1297,no,no,yes,no
1302,no,yes,no,no
1305,no,no,yes,no
1306,no,no,yes,no
1310,no,no,yes,no
1311,no,yes,no,no
1312,no,yes,no,no
1314,no,no,yes,no
1315,no,no,yes,no
1317,no,no,yes,no
1321,no,yes,no,no
1326,no,no,yes,no
1338,no,yes,no,no
1356,no,yes,no,no
1361,no,yes,no,no
1364,no,yes,no,no
1365,no,yes,no,no
1366,no,yes,no,no
1367,no,no,yes,no
1368,no,no,yes,no
1369,yes,yes,no,yes
1370,yes,yes,no,no
1371,yes,yes,no,no
1375,no,no,yes,no
1376,no,no,yes,no
1377,no,no,yes,no
1380,yes,yes,no,yes
1381,yes,yes,no,yes
1382,no,yes,no,no
1389,no,yes,no,no
1390,no,no,yes,no
1391,no,no,yes,no
1392,no,no,yes,no
1393,yes,yes,no,no
1395,no,yes,no,no
1397,yes,yes,no,no
1398,yes,yes,no,no
1399,yes,yes,no,no
1400,no,no,yes,no
1401,no,no,yes,no
1402,no,no,yes,no
1404,no,no,yes,no
1405,no,no,yes,no
1406,no,no,yes,no
1407,no,no,yes,no
1408,no,no,yes,no
1409,no,no,yes,no
1410,no,no,yes,no
1411,no,no,yes,no
1412,no,no,yes,no
1413,no,no,yes,no
1414,no,no,yes,no
1415,no,no,yes,no
1416,no,no,yes,no
1417,no,no,yes,no
1418,no,no,yes,no
1419,no,no,yes,no
1420,no,no,yes,no
1421,no,no,yes,no
1422,no,no,yes,no
1423,no,no,yes,no
1424,no,no,yes,no
1425,no,no,yes,no
1426,no,no,yes,no
1427,no,no,yes,no
1429,no,no,yes,no
1430,no,no,yes,no
1431,no,no,yes,no
1432,no,no,yes,no
1434,no,no,yes,no
1435,no,no,yes,no
1436,no,no,yes,no
1437,no,no,yes,no
1438,no,no,yes,no
1439,no,no,yes,no
1440,no,no,yes,no
1441,no,no,yes,no
1442,no,no,yes,no
1443,no,no,yes,no
1444,no,no,yes,no
1445,no,no,yes,no
1446,no,no,yes,no
1447,no,no,yes,no
1450,no,yes,no,no
1451,no,yes,no,no
1454,yes,yes,no,no
1455,yes,yes,no,no
1456,no,yes,no,no
1457,yes,yes,no,no
1458,no,yes,no,no
1459,no,yes,no,no
1460,no,yes,no,no
1461,no,yes,no,no
1462,no,yes,no,no
1463,no,yes,no,no
1464,no,yes,no,no
1465,no,yes,no,no
1466,no,yes,no,no
1468,no,yes,no,no
1469,no,yes,no,no
1470,no,yes,no,no
1471,no,yes,no,no
1472,no,yes,no,no
1473,no,yes,no,no
1474,no,yes,no,no
1475,no,yes,no,no
1476,no,yes,no,no
1477,no,yes,no,no
1478,no,yes,no,no
1479,no,yes,no,no
1480,no,yes,no,no
1481,no,yes,no,no
1483,no,no,yes,no
1484,yes,yes,no,no
1485,no,no,yes,no
1486,no,no,yes,no
1487,no,yes,no,no
1488,no,yes,no,no
1489,no,yes,no,no
1491,no,no,yes,no
1492,no,yes,no,no
1493,no,yes,no,no
1496,no,no,yes,no
1497,no,no,yes,no
1498,no,no,yes,no
1499,no,yes,no,no
1501,no,yes,no,no
1502,no,yes,no,no
1505,no,yes,no,no
1506,no,yes,no,no
1507,no,yes,no,no
1508,no,yes,no,no
1509,no,yes,no,no
1512,no,yes,no,yes
1515,no,yes,no,no
1516,no,yes,no,no
1517,no,yes,no,no
1518,no,yes,no,no
1519,no,yes,no,no
1520,no,yes,no,no
1521,no,yes,no,no
1522,no,yes,no,no
1523,no,yes,no,no
1524,no,yes,no,no
1528,no,yes,no,no
1530,no,yes,no,no
1531,no,no,yes,no
1533,no,yes,no,no
1536,no,no,yes,no
1538,no,no,yes,no
1539,no,no,yes,no
1540,no,no,yes,no
1541,no,no,yes,no
1542,no,no,yes,no
1543,no,no,yes,no
1544,no,no,yes,no
1545,no,no,yes,no
1546,no,no,yes,no
1547,no,no,yes,no
1548,no,no,yes,no
1549,no,no,yes,no
1550,no,no,yes,no
1551,no,no,yes,no
1552,no,no,yes,no
1553,no,no,yes,no
1554,no,no,yes,no
1555,no,no,yes,no
1556,no,no,yes,no
1557,no,no,yes,no
1558,no,no,yes,no
1559,no,no,yes,no
1560,no,no,yes,no
1561,no,no,yes,no
1563,no,no,yes,no
1564,no,no,yes,no
1565,no,no,yes,no
1568,no,no,yes,no
1569,no,no,yes,no
1570,no,no,yes,no
1571,no,no,yes,no
1572,no,no,yes,no
1573,no,no,yes,no
1574,no,no,yes,no
1575,no,no,yes,no
1576,no,no,yes,no
1577,no,no,yes,no
1578,no,no,yes,no
1579,no,no,yes,no
1583,no,no,yes,no
1584,no,no,yes,no
1585,no,no,yes,no
1586,no,no,yes,no
1587,no,no,yes,no
1588,no,no,yes,no
1589,no,no,yes,no
1590,no,no,yes,no
1595,yes,yes,no,yes
1599,no,yes,no,no
1601,no,no,yes,no
1605,no,no,yes,no
1607,no,no,yes,no
1608,no,no,yes,no
1609,no,no,yes,no
1610,no,no,yes,no
1611,no,no,yes,no
1612,no,no,yes,no
1613,no,no,yes,no
1614,no,no,yes,no
1615,no,no,yes,no
1616,no,no,yes,no
1617,no,no,yes,no
1618,no,no,yes,no
1619,no,no,yes,no
1620,no,no,yes,no
1621,no,no,yes,no
1622,no,no,yes,no
1623,no,no,yes,no
1624,no,no,yes,no
1625,no,no,yes,no
1627,no,no,yes,no
1628,no,no,yes,no
1629,no,no,yes,no
1630,no,no,yes,no
1631,no,no,yes,no
1632,no,no,yes,no
1633,no,no,yes,no
1634,no,no,yes,no
1635,no,no,yes,no
1641,no,no,yes,no
1642,no,no,yes,no
1643,no,no,yes,no
1644,no,no,yes,no
1645,no,no,yes,no
1646,no,no,yes,no
1647,no,no,yes,no
1650,no,yes,no,no
1651,no,yes,no,no
1652,no,yes,no,no
1653,no,yes,no,no
1655,no,yes,no,no
1656,no,yes,no,no
1657,no,yes,no,no
1663,no,no,yes,no
1664,no,no,yes,no
1665,no,no,yes,no
1666,no,no,yes,no
1667,no,no,yes,no
1668,no,no,yes,no
1669,no,no,yes,no
1670,no,no,yes,no
1671,no,no,yes,no
1672,no,no,yes,no
1673,no,no,yes,no
1674,no,no,yes,no
1675,no,no,yes,no
1676,no,no,yes,no
1677,no,no,yes,no
1678,yes,yes,no,no
1679,no,yes,no,no
1680,no,yes,no,no
1687,no,yes,no,no
1699,no,yes,no,no
1719,no,yes,no,no
1720,no,yes,no,no
1721,no,yes,no,no
1722,no,yes,no,no
1723,no,yes,no,no
1724,no,yes,no,no
1725,no,yes,no,no
1726,no,yes,no,no
1764,yes,yes,no,no
1770,no,yes,no,no
1771,no,no,yes,no
1772,no,no,yes,no
1773,no,no,yes,no
1774,no,no,yes,no
1775,no,no,yes,no
1776,no,no,yes,no
1777,no,no,yes,no
1779,no,yes,no,no
1788,no,no,yes,no
1789,no,no,yes,no
1790,no,no,yes,no
1791,no,yes,no,no
1792,no,yes,no,no
1802,no,yes,no,no
1803,no,yes,no,no
1808,no,yes,no,no
1809,no,yes,no,no
1810,no,yes,no,no
1811,yes,yes,no,yes
1812,yes,yes,no,no
1813,no,yes,no,no
1832,no,yes,no,no
1876,no,yes,no,no
1877,no,no,yes,no
1878,no,yes,no,no
1879,yes,yes,no,no
1883,yes,yes,no,no
1885,no,yes,no,no
1886,no,yes,no,no
1887,yes,yes,no,no
1888,yes,yes,no,no
1889,no,yes,no,no
1890,no,yes,no,no
1891,yes,yes,no,no
1892,yes,yes,no,no
1893,no,yes,no,no
1894,yes,yes,no,yes
1895,yes,yes,no,no
1896,yes,yes,no,no
1897,yes,yes,no,no
1898,yes,yes,no,no
1899,no,no,yes,no
1900,no,no,yes,no
1901,no,no,yes,no
1902,no,no,yes,no
1903,no,no,yes,no
1904,yes,yes,no,no
1905,yes,yes,no,no
1906,yes,yes,no,no
1907,no,no,yes,no
1908,no,no,yes,no
1909,no,no,yes,no
1910,no,no,yes,no
1911,no,no,yes,no
1912,no,yes,no,no
1913,no,yes,no,yes
1914,no,yes,no,no
1915,no,yes,no,no
1916,no,yes,no,no
1917,no,yes,no,no
1932,no,no,yes,no
1933,no,yes,no,no
1934,no,yes,no,no
1935,yes,yes,no,no
1936,no,no,yes,no
1937,no,yes,no,no
1938,no,yes,no,yes
1939,no,yes,no,no
1943,yes,yes,no,yes
1945,no,yes,no,no
1953,no,yes,no,yes
1955,no,yes,no,no
1956,no,yes,no,no
1957,no,yes,no,no
1958,no,yes,no,no
1961,no,yes,no,no
1962,no,yes,no,no
1963,no,yes,no,no
1964,no,yes,no,no
1965,no,yes,no,no
1969,no,yes,no,no
1972,no,yes,no,no
1973,no,yes,no,no
1991,no,yes,no,no
1999,no,yes,no,no
2002,no,yes,no,no
2004,no,yes,no,no
2005,no,yes,no,no
2006,no,yes,no,no
2007,no,yes,no,no
2009,no,yes,no,no
2010,no,yes,no,no
2012,no,yes,no,no
2013,no,yes,no,no
2024,no,yes,no,no
2027,no,yes,no,no
2030,no,no,yes,no
2031,no,yes,no,no
2041,no,yes,no,no
2042,no,yes,no,no
2047,no,no,yes,yes
2048,yes,yes,no,yes
2049,no,yes,no,no
2051,no,yes,no,no
2054,no,yes,no,no
2056,yes,yes,no,no
2057,no,no,yes,no
2058,no,no,yes,no
2059,no,yes,no,no
2060,no,yes,no,no
2063,no,yes,no,no
2066,no,yes,no,no
2067,no,yes,no,no
2068,no,yes,no,no
2069,no,yes,no,no
2072,no,yes,no,no
2077,no,yes,no,no
2079,no,yes,no,no
2081,no,yes,no,no
2083,no,yes,no,no
2086,no,yes,no,no
2087,no,yes,no,no
2088,no,yes,no,no
2089,no,no,yes,no
2090,no,no,yes,no
2106,no,yes,no,no
2107,no,yes,no,no
2108,no,yes,no,no
2109,yes,yes,no,no
2110,yes,yes,no,no
2111,yes,yes,no,no
2112,yes,yes,no,no
2113,yes,yes,no,no
2134,no,yes,no,no
2135,no,yes,no,no
2137,no,yes,no,no
2141,no,yes,no,no
2142,no,yes,no,no
2144,no,yes,no,no
2147,yes,yes,no,yes
2157,no,yes,no,no
2158,no,yes,no,no
2159,no,yes,no,no
2162,no,yes,no,no
2163,no,yes,no,no
2173,no,yes,no,no
2176,yes,yes,no,no
2177,yes,yes,no,no
2178,no,yes,no,no
2190,no,yes,no,no
2208,no,yes,no,no
2209,no,yes,no,no
2210,no,yes,no,no
2218,no,yes,no,no
2219,no,yes,no,no
2221,no,yes,no,no
2227,no,yes,no,no
2228,no,yes,no,no
2229,no,yes,no,no
2231,no,yes,no,no
2232,no,yes,no,no
2233,no,yes,no,no
2234,no,yes,no,no
2235,no,yes,no,no
2237,no,yes,no,no
2238,no,yes,no,no
2239,no,yes,no,no
2240,no,yes,no,no
2241,no,yes,no,no
2244,no,yes,no,no
2246,no,yes,no,no
2248,no,yes,no,no
2250,no,yes,no,no
2251,no,yes,no,no
2252,no,yes,no,no
2254,no,yes,no,no
2255,no,yes,no,no
2257,no,yes,no,no
2258,no,yes,no,no
2261,no,yes,no,yes
2262,no,yes,no,yes
2264,no,yes,no,no
2265,no,yes,no,no
2266,no,yes,no,no
2267,no,yes,no,no
2268,no,yes,no,no
2271,no,yes,no,no
2272,no,yes,no,no
2275,no,yes,no,no
2276,no,yes,no,no
2278,no,yes,no,no
2279,no,yes,no,no
2287,no,yes,no,no
2289,no,yes,no,no
2290,no,yes,no,no
2292,no,yes,no,no
2293,yes,yes,no,no
2296,no,no,yes,no
2297,no,no,yes,no
2298,no,no,yes,no
2299,no,no,yes,no
2300,no,no,yes,no
2301,no,no,yes,no
2302,no,no,yes,no
2303,no,no,yes,no
2304,no,no,yes,no
2306,no,no,yes,no
2308,no,yes,no,no
2311,no,yes,no,no
2312,no,yes,no,no
2313,no,no,yes,no
2314,yes,yes,no,yes
2315,no,yes,no,no
2316,no,yes,no,no
2317,yes,yes,no,yes
2318,no,yes,no,no
2319,yes,yes,no,yes
2320,no,yes,no,no
2321,no,no,yes,no
2322,no,yes,no,no
2323,no,yes,no,no
2324,no,yes,no,no
2325,yes,yes,no,no
2326,no,yes,no,no
2329,no,yes,no,no
2331,no,yes,no,no
2333,no,no,yes,no
2334,no,no,yes,no
2335,no,no,yes,no
2336,no,no,yes,no
2337,no,no,yes,no
2339,no,no,yes,no
2340,no,no,yes,no
2341,no,no,yes,no
2342,no,no,yes,no
2343,no,yes,no,no
2344,no,no,yes,no
2345,yes,yes,no,yes
2346,yes,yes,no,no
2347,no,yes,no,no
2348,no,yes,no,no
2349,no,yes,no,no
2350,no,yes,no,no
2351,no,yes,no,no
2352,no,yes,no,no
2353,no,yes,no,no
2354,no,yes,no,no
2355,no,yes,no,no
2356,no,yes,no,no
2357,no,yes,no,no
2358,no,yes,no,no
2359,no,yes,no,no
2360,no,yes,no,no
2362,no,no,yes,no
2363,no,no,yes,no
2364,no,no,yes,no
2365,no,no,yes,no
2367,no,yes,no,yes
2369,no,yes,no,no
2370,no,no,yes,no
2371,no,yes,no,no
2372,no,yes,no,no
2373,no,yes,no,no
2374,no,yes,no,no
2375,no,yes,no,no
2376,no,yes,no,no
2377,yes,yes,no,no
2378,yes,yes,no,no
2379,yes,yes,no,no
2380,no,yes,no,no
2381,no,no,yes,no
2382,no,yes,no,no
2383,no,yes,no,no
2384,no,yes,no,no
2385,no,yes,no,no
2386,no,yes,no,no
2387,no,yes,no,no
2389,no,yes,no,no
2391,no,yes,no,no
2392,no,yes,no,no
2393,no,yes,no,no
2394,no,yes,no,no
2395,no,yes,no,no
2396,no,yes,no,no
2397,no,yes,no,no
2398,no,yes,no,no
2399,no,no,yes,no
2400,no,yes,no,no
2401,no,yes,no,no
2402,yes,yes,no,no
2403,no,yes,no,no
2405,no,yes,no,no
2406,no,yes,no,no
2409,no,yes,no,no
2410,no,yes,no,no
2412,no,yes,no,no
2413,no,yes,no,no
2416,no,yes,no,no
2417,no,yes,no,no
2418,no,yes,no,no
2419,no,yes,no,no
2420,no,yes,no,no
2422,no,yes,no,no
2424,no,yes,no,no
2425,no,yes,no,no
2427,no,yes,no,no
2428,no,yes,no,no
2429,no,yes,no,no
2430,no,yes,no,no
2431,no,yes,no,no
2432,no,yes,no,no
2433,no,yes,no,no
2435,no,yes,no,no
2436,no,yes,no,no
2437,no,yes,no,no
2441,no,yes,no,no
2444,no,yes,no,no
2445,no,yes,no,no
2447,no,yes,no,no
2449,no,yes,no,no
2450,no,yes,no,no
2451,no,yes,no,no
2452,no,yes,no,no
2453,no,yes,no,no
2454,no,yes,no,no
2455,no,yes,no,no
2456,no,yes,no,no
2457,no,yes,no,yes
2458,no,yes,no,yes
2459,no,yes,no,no
2460,no,yes,no,no
2461,no,yes,no,no
2462,no,yes,no,no
2466,no,yes,no,no
2467,no,yes,no,no
2468,no,yes,no,no
2470,no,yes,no,no
2471,no,yes,no,no
2472,no,yes,no,no
2473,yes,yes,no,no
2476,no,yes,no,no
2477,no,yes,no,no
2478,no,yes,no,no
2480,no,yes,no,no
2483,no,yes,no,no
2487,no,no,yes,no
2488,no,no,yes,no
2489,no,yes,no,no
2490,no,yes,no,no
2491,no,yes,no,no
2493,no,yes,no,no
2495,no,yes,no,no
2496,no,yes,no,no
2498,yes,yes,no,no
2499,no,yes,no,no
2501,no,yes,no,no
2503,no,yes,no,no
2504,no,yes,no,no
2505,no,yes,no,no
2507,no,yes,no,no
2513,no,yes,no,no
2514,no,yes,no,no
2515,no,yes,no,no
2516,no,yes,no,no
2517,no,yes,no,no
2518,no,yes,no,no
2519,no,yes,no,no
2520,no,yes,no,no
2521,no,no,yes,no
2522,no,yes,no,no
2524,yes,yes,no,no
2525,no,yes,no,no
2527,no,yes,no,no
2528,no,yes,no,no
2529,no,yes,no,no
2530,no,yes,no,no
2531,no,yes,no,no
2532,no,yes,no,no
2533,no,yes,no,no
2535,no,yes,no,no
2537,no,yes,no,no
2538,no,yes,no,no
2539,no,yes,no,no
2540,no,yes,no,no
2541,no,no,yes,no
2547,no,yes,no,no
2548,no,no,yes,no
2549,no,yes,no,no
2551,no,no,yes,no
2552,no,no,yes,no
2553,no,yes,no,no
2555,no,yes,no,no
2556,no,yes,no,no
2557,no,yes,no,no
2558,no,yes,no,no
2559,no,yes,no,no
2560,no,yes,no,no
2561,no,yes,no,no
2562,no,yes,no,no
2563,no,yes,no,no
2565,no,yes,no,no
2566,no,yes,no,no
2567,no,yes,no,no
2568,no,yes,no,no
2569,no,yes,no,no
2570,no,yes,no,no
2571,no,yes,no,no
2573,no,yes,no,no
2575,no,yes,no,no
2577,no,yes,no,no
2580,no,yes,no,no
2581,no,yes,no,no
2582,no,yes,no,no
2583,yes,yes,no,yes
2588,no,yes,no,no
2595,no,yes,no,no
2605,no,yes,no,no
2606,no,yes,no,no
2607,no,yes,no,no
2609,no,yes,no,no
2610,no,yes,no,no
2611,no,yes,no,no
2612,no,yes,no,no
2613,no,yes,no,no
2614,no,yes,no,no
2615,no,yes,no,no
2617,no,no,yes,no
2619,no,no,yes,no
2622,no,yes,no,no
2633,no,yes,no,no
2634,no,yes,no,no
2639,no,yes,no,no
2640,no,yes,no,no
2641,no,yes,no,no
2646,no,yes,no,no
2647,no,yes,no,no
2648,no,yes,no,no
2649,no,yes,no,no
2650,no,yes,no,no
2651,no,yes,no,no
2653,no,yes,no,no
2654,no,no,yes,no
2655,no,yes,no,no
2656,no,yes,no,no
2657,no,yes,no,no
2658,no,yes,no,no
2659,no,yes,no,no
2660,no,yes,no,no
2661,no,yes,no,no
2662,no,yes,no,no
2665,no,yes,no,no
2667,no,yes,no,no
2671,no,yes,no,no
2672,no,yes,no,no
2673,no,yes,no,no
2675,no,yes,no,no
2676,no,yes,no,no
2677,no,yes,no,no
2678,no,yes,no,no
2679,no,yes,no,no
2681,no,yes,no,no
2682,no,yes,no,no
2683,no,yes,no,no
2684,no,yes,no,no
2685,yes,yes,no,no
2686,yes,yes,no,no
2687,no,yes,no,no
2688,no,yes,no,no
2691,no,yes,no,no
2696,no,yes,no,no
2698,no,yes,no,no
2699,no,yes,no,no
2700,no,yes,no,no
2701,no,yes,no,no
2703,no,yes,no,no
2704,no,yes,no,no
2705,no,yes,no,no
2706,no,yes,no,no
2707,no,yes,no,no
2708,yes,yes,no,no
2710,yes,yes,no,no
2711,no,yes,no,no
2712,no,yes,no,no
2713,no,yes,no,no
2714,no,yes,no,no
2715,no,yes,no,no
2721,no,yes,no,no
2722,no,yes,no,no
2724,no,yes,no,no
2726,yes,yes,no,no
2727,yes,yes,no,no
2728,yes,yes,no,no
2729,yes,yes,no,no
2730,yes,yes,no,no
2731,yes,yes,no,no
2732,no,no,yes,no
2733,no,no,yes,no
2734,yes,yes,no,no
2735,yes,yes,no,no
2736,yes,yes,no,no
2737,yes,yes,no,no
2738,yes,yes,no,no
2739,yes,yes,no,no
2740,yes,yes,no,no
2741,yes,yes,no,no
2742,yes,yes,no,no
2743,yes,yes,no,no
2744,yes,yes,no,no
2745,no,yes,no,no
2746,yes,yes,no,no
2747,yes,yes,no,no
2748,yes,yes,no,yes
2749,yes,yes,no,no
2750,yes,yes,no,no
2751,yes,yes,no,no
2752,yes,yes,no,no
2753,yes,yes,no,no
2754,yes,yes,no,no
2755,no,yes,no,no
2756,no,yes,no,no
2757,no,yes,no,no
2758,no,yes,no,no
2759,no,yes,no,no
2760,no,yes,no,no
2761,no,yes,no,no
2762,no,yes,no,no
2763,no,yes,no,no
2764,no,yes,no,no
2765,no,no,yes,no
2766,no,no,yes,no
2767,no,no,yes,no
2768,no,no,yes,no
2769,no,no,yes,no
2770,no,no,yes,no
2771,no,no,yes,no
2772,no,no,yes,no
2773,no,no,yes,no
2774,no,no,yes,no
2775,no,yes,no,no
2776,no,yes,no,no
2777,no,yes,no,no
2778,no,yes,no,no
2779,no,yes,no,no
2780,no,yes,no,no
2781,no,yes,no,no
2782,no,yes,no,no
2783,no,yes,no,no
2784,no,yes,no,no
2785,no,yes,no,no
2786,no,yes,no,no
2787,no,yes,no,no
2788,no,yes,no,no
2789,no,yes,no,no
2790,no,yes,no,no
2791,no,yes,no,no
2792,no,yes,no,no
2793,no,yes,no,no
2794,no,yes,no,no
2795,no,yes,no,no
2796,no,yes,no,no
2797,no,yes,no,no
2798,no,yes,no,no
2799,no,yes,no,no
2800,no,yes,no,no
2801,no,yes,no,no
2802,no,yes,no,no
2803,no,yes,no,no
2804,no,yes,no,no
2805,yes,yes,no,no
2806,yes,yes,no,no
2807,no,yes,no,no
2809,no,yes,no,no
2810,no,yes,no,no
2811,no,yes,no,no
2812,no,yes,no,no
2813,no,yes,no,no
2814,no,yes,no,no
2815,no,yes,no,no
2816,no,yes,no,no
2817,no,yes,no,no
2818,no,yes,no,no
2819,no,yes,no,no
2820,no,yes,no,no
2821,no,yes,no,no
2822,no,yes,no,no
2823,no,yes,no,no
2826,no,no,yes,no
2827,no,no,yes,no
2828,no,yes,no,no
2829,no,yes,no,no
2830,no,yes,no,no
2831,no,yes,no,no
2832,no,yes,no,no
2834,no,yes,no,no
2835,no,yes,no,no
2836,no,no,yes,no
2837,no,yes,no,no
2840,no,yes,no,no
2843,no,yes,no,no
2844,yes,yes,no,no
2846,no,yes,no,no
2851,no,yes,no,no
2858,yes,yes,no,yes
2859,no,yes,no,no
2862,no,yes,no,no
2863,no,yes,no,no
2864,no,yes,no,no
2868,no,yes,no,no
2869,no,yes,no,no
2870,no,yes,no,no
2873,no,yes,no,no
2875,yes,yes,no,no
2876,no,yes,no,no
2877,no,yes,no,no
2880,no,yes,no,no
2881,no,yes,no,no
2883,no,no,yes,no
2884,no,yes,no,no
2885,yes,yes,no,no
2886,yes,yes,no,no
2887,yes,yes,no,no
2888,no,yes,no,yes
2890,yes,yes,no,no
2891,no,yes,no,no
2892,no,yes,no,no
2893,no,yes,no,no
2894,no,yes,no,no
2895,no,yes,no,no
2897,no,yes,no,no
2898,no,no,yes,no
2899,no,no,yes,no
2900,yes,yes,no,no
2901,no,no,yes,no
2902,no,no,yes,no
2903,no,no,yes,no
2904,no,no,yes,no
2905,no,no,yes,no
2906,no,no,yes,no
2907,no,no,yes,no
2908,no,no,yes,no
2909,no,no,yes,no
2910,no,no,yes,no
2911,no,no,yes,no
2912,no,no,yes,no
2913,no,no,yes,no
2914,no,no,yes,no
2915,no,no,yes,no
2916,no,yes,no,no
2921,no,yes,no,no
2922,yes,yes,no,no
2923,no,yes,no,no
2924,no,yes,no,no
2925,no,yes,no,no
2926,no,yes,no,no
2927,no,yes,no,no
2928,no,yes,no,no
2929,no,yes,no,no
2930,no,yes,no,no
2932,no,yes,no,no
2933,no,yes,no,no
2934,yes,yes,no,yes
2935,no,yes,no,no
2936,no,yes,no,no
2937,no,yes,no,no
2938,no,yes,no,no
2939,no,yes,no,no
2942,no,yes,no,no
2943,no,no,yes,no
2944,no,no,yes,no
2945,no,no,yes,no
2946,no,no,yes,no
2947,no,no,yes,no
2948,no,yes,no,no
2949,no,no,yes,no
2950,no,no,yes,no
2952,no,yes,no,no
2953,no,yes,no,no
2954,yes,yes,no,no
2955,yes,yes,no,yes
2956,yes,yes,no,no
2957,yes,yes,no,no
2983,no,yes,no,no
2984,no,yes,no,no
2995,no,yes,no,no
2996,no,no,yes,no
2997,no,no,yes,no
3001,no,no,yes,no
3002,no,no,yes,no
3003,no,no,yes,no
3007,no,yes,no,no
3009,no,yes,no,no
3016,no,no,yes,no
3017,no,no,yes,no
3018,no,no,yes,no
3019,no,no,yes,no
3020,no,no,yes,no
3021,no,no,yes,no
3022,no,no,yes,no
3023,no,no,yes,no
3024,no,no,yes,no
3025,no,no,yes,no
3026,no,no,yes,no
3027,no,no,yes,no
3028,no,no,yes,no
3029,no,no,yes,no
3030,no,no,yes,no
3031,no,no,yes,no
3032,no,no,yes,no
3033,no,no,yes,no
3034,no,no,yes,no
3035,no,no,yes,no
3036,no,yes,no,no
3037,no,yes,no,no
3038,no,yes,no,no
3039,no,no,yes,no
3040,no,yes,no,no
3041,no,yes,no,no
3042,no,yes,no,no
3043,no,yes,no,no
3044,no,yes,no,no
3045,no,yes,no,no
3046,no,yes,no,no
3047,no,yes,no,no
3048,yes,yes,no,no
3049,yes,yes,no,yes
3050,no,yes,no,no
3051,no,yes,no,no
3052,no,yes,no,no
3056,no,yes,no,no
3058,no,yes,no,no
3060,no,yes,no,no
3063,no,yes,no,no
3064,no,yes,no,no
3066,no,yes,no,no
3067,no,yes,no,no
3069,yes,yes,no,no
3070,no,no,yes,no
3071,no,no,yes,no
3072,no,yes,no,no
3073,yes,yes,no,yes
3074,no,yes,no,no
3075,no,yes,no,no
3076,no,yes,no,no
3080,no,yes,no,no
3084,no,no,yes,no
3085,yes,yes,no,no
3086,yes,yes,no,no
3115,no,yes,no,no
3117,no,yes,no,no
3127,yes,yes,no,no
3128,yes,yes,no,no
3129,no,yes,no,no
3130,no,yes,no,no
3134,yes,yes,no,no
3135,yes,yes,no,no
3137,no,no,yes,no
3138,yes,yes,no,yes
3139,no,no,yes,no
3152,no,yes,no,no
3153,no,yes,no,no
3154,no,yes,no,no
3155,no,yes,no,no
3156,no,yes,no,no
3157,no,yes,no,no
3158,no,yes,no,no
3163,no,yes,no,no
3164,no,yes,no,no
3165,no,yes,no,no
3166,no,yes,no,no
3167,no,yes,no,no
3174,no,yes,no,no
3175,no,yes,no,no
3176,no,yes,no,yes
3180,yes,yes,no,yes
3184,yes,yes,no,yes
3185,yes,yes,no,yes
3190,no,yes,no,no
3191,no,yes,no,no
3192,no,yes,no,no
3194,no,yes,no,no
3195,no,yes,no,no
3198,yes,yes,no,no
3199,no,no,yes,no
3200,no,yes,no,no
3201,no,yes,no,no
3202,no,yes,no,no
3203,no,no,yes,no
3204,no,no,yes,no
3206,no,yes,no,no
3207,yes,yes,no,yes
3208,yes,yes,no,no
3209,no,yes,no,no
3210,no,yes,no,no
3211,no,yes,no,no
3212,no,yes,no,no
3213,no,yes,no,no
3214,no,yes,no,no
3215,no,yes,no,no
3216,yes,yes,no,yes
3218,no,yes,no,no
3219,yes,yes,no,no
3220,yes,yes,no,no
3221,yes,yes,no,no
3222,no,yes,no,no
3223,no,no,yes,no
3224,yes,yes,no,no
3225,yes,yes,no,no
3226,yes,yes,no,no
3227,yes,yes,no,no
3228,no,yes,no,no
3229,no,no,yes,no
3230,no,no,yes,no
3231,no,no,yes,no
3232,no,no,yes,no
3233,no,no,yes,no
3235,no,yes,no,no
3236,no,yes,no,no
3237,no,yes,no,no
3238,no,yes,no,no
3239,no,yes,no,no
3240,no,yes,no,no
3241,no,yes,no,no
3242,no,yes,no,no
3243,no,yes,no,no
3244,no,yes,no,no
3245,no,yes,no,no
3246,no,yes,no,no
3247,no,yes,no,no
3248,no,yes,no,no
3249,no,yes,no,no
3250,no,yes,no,no
3251,no,yes,no,no
3252,no,no,yes,no
3253,no,yes,no,no
3254,no,no,yes,no
3256,no,no,yes,no
3257,no,no,yes,no
3258,no,yes,no,no
3259,no,yes,no,no
3267,no,yes,no,no
3268,no,yes,no,no
3282,no,yes,no,no
3316,no,yes,no,no
3318,no,no,yes,no
3319,no,no,yes,no
3320,no,no,yes,no
3321,no,no,yes,no
3322,no,no,yes,no
3323,no,yes,no,no
3324,no,no,yes,no
3325,no,yes,no,no
3326,no,yes,no,no
3327,no,yes,no,no
3328,no,yes,no,no
3330,no,yes,no,no
3331,yes,yes,no,no
3332,no,yes,no,no
3333,yes,yes,no,no
3334,no,yes,no,no
3335,no,yes,no,no
3336,yes,yes,no,no
3340,no,yes,no,no
3341,yes,yes,no,no
3342,no,no,yes,no
3343,no,yes,no,no
3344,no,yes,no,no
3345,no,no,yes,no
3346,no,yes,no,no
3349,no,yes,no,no
3350,no,yes,no,no
3351,no,yes,no,no
3352,yes,yes,no,no
3353,no,yes,no,no
3355,no,yes,no,no
3356,no,yes,no,no
3357,no,yes,no,no
3358,no,yes,no,no
3359,no,yes,no,no
3360,yes,yes,no,yes
3362,no,yes,no,no
3363,no,yes,no,no
3364,no,yes,no,no
3366,no,yes,no,no
3367,no,no,yes,no
3368,no,yes,no,no
3369,no,yes,no,no
3370,no,yes,no,no
3371,no,yes,no,no
3372,no,yes,no,no
3373,no,no,yes,no
3374,no,yes,no,no
3375,no,yes,no,no
3376,no,yes,no,no
3377,no,yes,no,no
3378,no,yes,no,yes
3382,no,yes,no,no
3383,no,yes,no,no
3442,no,yes,no,no
3444,no,yes,no,no
3445,yes,yes,no,no
3446,yes,yes,no,no
3447,yes,yes,no,no
3448,no,yes,no,no
3449,no,yes,no,no
3450,yes,yes,no,no
3451,no,yes,no,no
5039,no,yes,no,no
5040,no,yes,no,no
5041,yes,yes,no,no
5042,no,yes,no,no
5043,no,yes,no,no
5044,no,yes,no,no
5048,yes,yes,no,no
5049,yes,yes,no,no
5050,yes,yes,no,no
5051,no,yes,no,no
5054,no,yes,no,no
5059,no,yes,no,no
5062,no,yes,no,no
5063,no,yes,no,no
5064,no,yes,no,no
5065,no,yes,no,no
5068,no,yes,no,no
5072,no,yes,no,no
5074,no,yes,no,no
5079,yes,yes,no,yes
5082,no,yes,no,no
5083,no,yes,no,no
5084,no,yes,no,no
5088,no,no,yes,yes
5089,no,yes,no,no
5091,no,yes,no,no
5094,no,no,yes,no
5095,no,yes,no,no
5098,no,yes,no,no
5099,no,yes,no,no
5100,no,yes,no,no
5101,no,yes,no,no
5102,no,yes,no,no
5104,no,yes,no,no
5106,no,yes,no,no
5110,yes,yes,no,no
5111,yes,yes,no,no
5112,yes,yes,no,no
5113,yes,yes,no,no
5116,no,yes,no,no
5119,no,yes,no,no
5120,yes,yes,no,no
5121,no,yes,no,no
5122,no,yes,no,no
5126,no,yes,no,no
5127,no,yes,no,no
5133,no,yes,no,no
5134,no,yes,no,no
5139,no,yes,no,no
5140,no,yes,no,no
5141,no,yes,no,no
5143,no,yes,no,no
5146,no,yes,no,no
5147,no,yes,no,no
5149,no,yes,no,no
5152,no,yes,no,no
5153,no,no,yes,no
5156,yes,yes,no,no
5158,yes,yes,no,no
5160,no,yes,no,no
5163,no,no,yes,no
5164,no,yes,no,no
5165,no,no,yes,no
5167,yes,yes,no,yes
5168,yes,yes,no,yes
5169,yes,yes,no,yes
5170,yes,yes,no,yes
5171,yes,yes,no,yes
5172,yes,yes,no,yes
5173,yes,yes,no,yes
5174,yes,yes,no,yes
5175,yes,yes,no,yes
5176,yes,yes,no,yes
5177,no,no,yes,yes
5182,no,no,yes,no
5183,no,no,yes,no
5195,no,no,yes,no
5196,no,yes,no,no
5197,no,yes,no,no
5198,no,yes,no,no
5199,no,yes,no,no
5200,no,yes,no,no
5201,no,yes,no,no
5202,no,yes,no,no
5203,no,yes,no,no
5204,no,yes,no,no
5205,no,yes,no,no
5206,no,yes,no,no
5207,no,yes,no,no
5208,no,yes,no,no
5209,no,yes,no,no
5210,no,yes,no,no
5211,no,yes,no,no
5212,no,yes,no,no
5213,no,yes,no,no
5214,no,yes,no,no
5215,no,yes,no,no
5216,no,yes,no,no
5217,no,yes,no,no
5218,no,yes,no,no
5219,no,yes,no,no
5220,no,yes,no,no
5224,no,yes,no,no
5225,no,yes,no,no
5226,no,yes,no,no
5227,no,yes,no,no
5228,no,yes,no,no
5229,no,yes,no,no
5230,no,yes,no,no
5234,no,yes,no,no
5235,no,yes,no,no
5236,no,yes,no,no
5237,no,yes,no,no
5238,no,yes,no,no
5239,no,yes,no,no
5240,no,yes,no,no
5241,no,yes,no,no
5242,no,yes,no,no
5244,no,yes,no,no
5245,no,yes,no,no
5246,no,yes,no,no
5247,no,yes,no,yes
5248,no,yes,no,no
5249,no,yes,no,no
5251,no,yes,no,no
5253,no,yes,no,no
5254,no,yes,no,no
5255,no,yes,no,no
5256,no,yes,no,no
5257,no,yes,no,no
5258,no,yes,no,no
5260,no,yes,no,no
5261,no,yes,no,no
5262,no,yes,no,no
5263,yes,yes,no,no
5264,no,yes,no,no
5265,no,no,yes,no
5266,no,no,yes,no
5267,no,no,yes,no
5268,yes,yes,no,no
5269,yes,yes,no,no
5270,yes,yes,no,no
5271,no,yes,no,no
5272,no,yes,no,no
5273,no,yes,no,no
5275,no,yes,no,yes
5277,no,yes,no,no
5279,yes,yes,no,no
5280,no,no,yes,no
5286,no,yes,no,no
5290,no,yes,no,no
5292,no,yes,no,no
5294,no,yes,no,no
5295,no,yes,no,no
5299,no,yes,no,no
5300,no,yes,no,no
5304,no,yes,no,no
5305,yes,yes,no,no
5306,no,yes,no,no
5315,no,yes,no,no
5317,no,no,yes,no
5318,no,no,yes,no
5319,yes,yes,no,yes
5320,no,yes,no,yes
5321,no,yes,no,no
5322,no,no,yes,no
5323,no,yes,no,no
5324,no,no,yes,no
5325,no,yes,no,no
5326,no,no,yes,no
5328,no,yes,no,no
5329,no,no,yes,no
5330,no,yes,no,no
5337,no,no,yes,no
5339,no,yes,no,no
5340,no,yes,no,no
5341,no,no,yes,no
5342,no,no,yes,no
5345,no,yes,no,no
5346,no,yes,no,no
5347,no,yes,no,no
5348,no,yes,no,no
5349,no,yes,no,no
5352,no,no,yes,no
5353,no,yes,no,no
5354,no,no,yes,no
5355,no,no,yes,no
5356,no,no,yes,no
5358,no,yes,no,no
5359,no,yes,no,no
5360,no,no,yes,no
5363,no,no,yes,no
5364,yes,yes,no,no
5369,yes,yes,no,no
5370,no,yes,no,no
5371,yes,yes,no,yes
5372,no,yes,no,no
5376,no,yes,no,no
5378,no,yes,no,no
5382,no,no,yes,no
5386,no,no,yes,no
5393,no,yes,no,no
5394,no,yes,no,no
5395,no,yes,no,no
5396,no,yes,no,no
5397,no,yes,no,no
5398,no,no,yes,no
5401,no,no,yes,no
5402,no,no,yes,no
5404,yes,yes,no,no
5407,no,yes,no,no
5408,no,yes,no,no
5409,no,yes,no,no
5410,no,yes,no,no
5411,no,yes,no,no
5412,no,yes,no,no
5413,no,yes,no,no
5414,no,yes,no,no
5415,yes,yes,no,no
5416,no,yes,no,no
5417,yes,yes,no,no
5418,no,yes,no,no
5420,no,yes,no,no
5421,no,yes,no,no
5422,no,yes,no,no
5423,no,yes,no,no
5424,no,yes,no,no
5425,no,yes,no,no
5427,no,yes,no,no
5428,yes,yes,no,yes
5429,yes,yes,no,yes
5430,yes,yes,no,yes
5431,yes,yes,no,yes
5432,no,yes,no,no
5437,no,yes,no,no
5440,yes,yes,no,yes
5445,no,yes,no,no
5446,no,yes,no,no
5447,no,yes,no,no
5448,yes,yes,no,no
5449,yes,yes,no,no
5450,yes,yes,no,no
5451,yes,yes,no,no
5456,no,no,yes,yes
5457,no,no,yes,no
5458,no,yes,no,no
5459,yes,yes,no,no
5460,no,yes,no,no
5461,yes,yes,no,no
5462,no,yes,no,no
5463,no,yes,no,no
5464,no,yes,no,no
5465,no,yes,no,no
5466,no,yes,no,no
5467,yes,yes,no,yes
5468,no,yes,no,no
5469,yes,yes,no,yes
5470,yes,yes,no,yes
5471,no,yes,no,no
5473,no,yes,no,no
5474,no,yes,no,no
5475,no,no,yes,no
5478,no,no,yes,no
5479,no,no,yes,yes
5482,no,yes,no,no
5485,no,yes,no,yes
5489,no,yes,no,no
5490,no,yes,no,no
5491,no,yes,no,no
5493,yes,yes,no,no
5494,yes,yes,no,no
5495,no,yes,no,no
5496,no,yes,no,no
5497,yes,yes,no,no
5498,no,yes,no,no
5499,no,no,yes,no
5505,yes,yes,no,yes
5507,no,yes,no,yes
5508,no,yes,no,no
5509,no,yes,no,no
5510,no,yes,no,no
5511,no,yes,no,no
5512,no,yes,no,no
5513,no,yes,no,no
5514,no,yes,no,no
5515,no,yes,no,yes
5516,no,yes,no,no
5517,yes,yes,no,yes
5518,no,yes,no,no
5519,no,yes,no,yes
5522,no,yes,no,no
5523,no,yes,no,no
5524,no,no,yes,no
5527,no,no,yes,no
5530,no,yes,no,no
5531,no,yes,no,no
5532,no,no,yes,no
5533,no,yes,no,no
5534,no,no,yes,no
5537,yes,yes,no,no
5538,no,yes,no,no
5539,no,yes,no,no
5540,no,yes,no,no
5542,yes,yes,no,yes
5543,no,yes,no,no
5544,yes,yes,no,no
5545,no,yes,no,no
5546,no,yes,no,yes
5547,no,yes,no,no
5548,no,yes,no,no
5549,no,no,yes,yes
5550,no,no,yes,no
5551,no,no,yes,yes
5552,no,no,yes,yes
5553,no,yes,no,yes
5554,no,yes,no,yes
5555,no,yes,no,yes
5556,no,yes,no,no
5557,no,yes,no,no
5558,no,yes,no,no
5559,yes,yes,no,yes
5560,no,yes,no,no
5561,no,no,yes,yes
5562,no,yes,no,no
5563,no,no,yes,yes
5564,no,no,yes,yes
5565,no,yes,no,no
5566,no,yes,no,no
5567,no,yes,no,no
5569,no,yes,no,no
5571,yes,yes,no,yes
5572,no,no,yes,no
5573,no,yes,no,yes
5574,no,yes,no,no
5575,no,yes,no,no
5576,no,yes,no,no
5577,no,yes,no,no
5579,no,yes,no,no
5580,no,yes,no,no
5581,no,yes,no,no
5582,no,yes,no,no
5583,no,yes,no,no
5584,no,yes,no,no
5585,no,yes,no,no
5586,no,yes,no,no
5587,no,yes,no,no
5589,no,yes,no,no
5591,no,yes,no,no
5592,no,yes,no,no
5593,no,yes,no,no
5594,no,yes,no,no
5595,no,yes,no,no
5596,no,yes,no,no
5597,no,yes,no,no
5598,no,yes,no,no
5599,no,yes,no,no
5602,no,no,yes,no
5604,no,yes,no,no
5605,no,yes,no,no
5609,no,no,yes,no
5610,yes,yes,no,yes
